days,sims,std,err,rse,mean,time
100,100,196.1774015,19.61774015,0.726482633,2700.3729,8.83392787
200,100,144.7159026,14.47159026,0.547691745,2642.28745,26.43205547
